id,name,read,pattern,sequence,feature_type
CD4_TotalSeqA,adt_CD4,R2,^(BC),AACAAGACCCTTGAG,Antibody Capture
CD8a_TotalSeqA,adt_CD8a,R2,^(BC),TACCCGTAATAGCGT,Antibody Capture
CD366_TotalSeqA,adt_CD366,R2,^(BC),ATTGGCACTCAGATG,Antibody Capture
CD279_TotalSeqA,adt_CD279,R2,^(BC),GAAAGTCAAAGCACT,Antibody Capture
CD117_TotalSeqA,adt_CD117,R2,^(BC),TGCATGTCATCGGTG,Antibody Capture
Ly-6C_TotalSeqA,adt_Ly-6C,R2,^(BC),AAGTCGTGAGGCATG,Antibody Capture
CD11b_TotalSeqA,adt_CD11b,R2,^(BC),TGAAGGCTCATTTGT,Antibody Capture
Ly-6G_TotalSeqA,adt_Ly-6G,R2,^(BC),ACATTGACGCAACTA,Antibody Capture
CD49f_TotalSeqA,adt_CD49f,R2,^(BC),TTCCGAGGATGATCT,Antibody Capture
CD44_TotalSeqA,adt_CD44,R2,^(BC),TGGCTTCAGGTCCTA,Antibody Capture
CD54_TotalSeqA,adt_CD54,R2,^(BC),ATAACCGACACAGTG,Antibody Capture
CD90.2_TotalSeqA,adt_CD90.2,R2,^(BC),CCGATCAGCCGTTTA,Antibody Capture
CD15_TotalSeqA,adt_CD15,R2,^(BC),GCTAGTTTGTGCTGC,Antibody Capture
CD73_TotalSeqA,adt_CD73,R2,^(BC),ACACTTAACGTCTGG,Antibody Capture
CD49d_TotalSeqA,adt_CD49d,R2,^(BC),CGCTTGGACGCTTAA,Antibody Capture
CD200_TotalSeqA,adt_CD200,R2,^(BC),TCAATTCCGGTAGTC,Antibody Capture
Mouse_IgG1_kappa_isotype_Ctrl_TotalSeqA,adt_Mouse_IgG1_kappa_isotype_Ctrl,R2,^(BC),GCCGGACGACATTAA,Antibody Capture
Mouse_IgG2a_kappa_isotype_Ctrl_TotalSeqA,adt_Mouse_IgG2a_kappa_isotype_Ctrl,R2,^(BC),CTCCTACCTAAACTG,Antibody Capture
Mouse_IgG2b_kappa_isotype_Ctrl_TotalSeqA,adt_Mouse_IgG2b_kappa_isotype_Ctrl,R2,^(BC),ATATGTATCACGCGA,Antibody Capture
CD19_TotalSeqA,adt_CD19,R2,^(BC),ATCAGCCATGTCAGT,Antibody Capture
Rat_IgG2b_kappa_Isotype_Ctrl_TotalSeqA,adt_Rat_IgG2b_kappa_Isotype_Ctrl,R2,^(BC),GATTCTTGACGACCT,Antibody Capture
CD45_TotalSeqA,adt_CD45,R2,^(BC),TGGCTATGGAGCAGA,Antibody Capture
CD25_TotalSeqA,adt_CD25,R2,^(BC),ACCATGAGACACAGT,Antibody Capture
CD135_TotalSeqA,adt_CD135,R2,^(BC),GTAGCAAGATTCAAG,Antibody Capture
CD45R_B220_TotalSeqA,adt_CD45R-B220,R2,^(BC),CCTACACCTCATAAT,Antibody Capture
CD102_TotalSeqA,adt_CD102,R2,^(BC),GATATTCAGTGCGAC,Antibody Capture
CD115_TotalSeqA,adt_CD115,R2,^(BC),TTCCGTTGTTGTGAG,Antibody Capture
CD11c_TotalSeqA,adt_CD11c,R2,^(BC),GTTATGGACGCTTGC,Antibody Capture
CD21_CD35_TotalSeqA,adt_CD21-CD35,R2,^(BC),GGATAATTTCGATCC,Antibody Capture
CD23_TotalSeqA,adt_CD23,R2,^(BC),TCTCTTGGAAGATGA,Antibody Capture
CD16_32_TotalSeqA,adt_CD16-32,R2,^(BC),TTCGATGCTGGAGCA,Antibody Capture
CD43_TotalSeqA,adt_CD43,R2,^(BC),TTGGAGGGTTGTGCT,Antibody Capture
CD5_TotalSeqA,adt_CD5,R2,^(BC),CAGCTCAGTGTGTTG,Antibody Capture
CD62L_TotalSeqA,adt_CD62L,R2,^(BC),TGGGCCTAAGTCATC,Antibody Capture
CD93_TotalSeqA,adt_CD93,R2,^(BC),GGTATTTCCTGTGGT,Antibody Capture
F4_80_TotalSeqA,adt_F4-80,R2,^(BC),TTAACTTCAGCCCGT,Antibody Capture
FcERIalpha_TotalSeqA,adt_FcERIalpha,R2,^(BC),AGTCACCTCGAAGCT,Antibody Capture
Ly-6G_Ly-6C_TotalSeqA,adt_Ly-6G-Ly-6C,R2,^(BC),TAGTGTATGGACACG,Antibody Capture
I-A_I-E_TotalSeqA,adt_I-A-I-E,R2,^(BC),GGTCACCAGTATGAT,Antibody Capture
NK-1.1_TotalSeqA,adt_NK-1.1,R2,^(BC),GTAACATTACTCGTC,Antibody Capture
SiglecH_TotalSeqA,adt_SIGLECH,R2,^(BC),CCGCACCTACATTAG,Antibody Capture
TCR_beta_chain_TotalSeqA,adt_TCR_beta_chain,R2,^(BC),TCCTATGGGACTCAG,Antibody Capture
TCR_gamma_delta_TotalSeqA,adt_TCR_gamma-delta,R2,^(BC),AACCCAAATAGCTGA,Antibody Capture
TER-119_Erythroid_Cells_TotalSeqA,adt_TER-119-Erythroid_Cells,R2,^(BC),GCGCGTTTGTGCTAT,Antibody Capture
Ly-6A_E_TotalSeqA,adt_Ly-6A-E,R2,^(BC),TTCCTTTCCTACGCA,Antibody Capture
CD45.2_TotalSeqA,adt_CD45.2,R2,^(BC),CACCGTCATTCAACC,Antibody Capture
CD45.1_TotalSeqA,adt_CD45.1,R2,^(BC),CCTATGGACTTGGAC,Antibody Capture
CD3_TotalSeqA,adt_CD3,R2,^(BC),GTATGTCCGCTCGAT,Antibody Capture
CD335_TotalSeqA,adt_CD335,R2,^(BC),CCCTTTCACCTCGAA,Antibody Capture
CD274_TotalSeqA,adt_CD274,R2,^(BC),TCGATTCCACCAACT,Antibody Capture
CD27_TotalSeqA,adt_CD27,R2,^(BC),CAAGGTATGTCACTG,Antibody Capture
CD20_TotalSeqA,adt_CD20,R2,^(BC),TCCACTCCCTGTATA,Antibody Capture
CD357_TotalSeqA,adt_CD357,R2,^(BC),GGCACTCTGTAACAT,Antibody Capture
CD137_TotalSeqA,adt_CD137,R2,^(BC),TCCCTGTATAGATGA,Antibody Capture
CD134_TotalSeqA,adt_CD134,R2,^(BC),CTCACCTACCTATGG,Antibody Capture
CD69_TotalSeqA,adt_CD69,R2,^(BC),TTGTATTCCGCCATT,Antibody Capture
CD127_TotalSeqA,adt_CD127,R2,^(BC),GTGTGAGGCACTCTT,Antibody Capture
CD86_TotalSeqA,adt_CD86,R2,^(BC),CTGGATTTGTGTATC,Antibody Capture
CD103_TotalSeqA,adt_CD103,R2,^(BC),TTCATTAGCCCGCTG,Antibody Capture
CD150_TotalSeqA,adt_CD150,R2,^(BC),CAACGCCTAGAAACC,Antibody Capture
CD28_TotalSeqA,adt_CD28,R2,^(BC),ATTAAGAGCGTGTTG,Antibody Capture
TCR_V_gamma_1.1_Cr4_TotalSeqA,adt_TCR_V_gamma_1.1-Cr4,R2,^(BC),TCGTTTAACCAGCCT,Antibody Capture
TCR_V_gamma_3_TotalSeqA,adt_TCR_V_gamma_3,R2,^(BC),TCGTGGTCCCTTTCT,Antibody Capture
TCR_V_gamma_2_TotalSeqA,adt_TCR_V_gamma_2,R2,^(BC),AAGCTGCACCGTAAT,Antibody Capture
CD24_TotalSeqA,adt_CD24,R2,^(BC),TATATCTTTGCCGCA,Antibody Capture
Integrin_beta7_TotalSeqA,adt_ITGB7,R2,^(BC),TCCTTGGATGTACCG,Antibody Capture
CD196_TotalSeqA,adt_CD196,R2,^(BC),CTCTCTGCATTCCTC,Antibody Capture
CD106_TotalSeqA,adt_CD106,R2,^(BC),CGTTCCTACCTACCT,Antibody Capture
CD122_TotalSeqA,adt_CD122,R2,^(BC),GGTATGCGACACTTA,Antibody Capture
CD183_TotalSeqA,adt_CD183,R2,^(BC),GTTCACGCCGTGTTA,Antibody Capture
CD62P_TotalSeqA,adt_CD62P,R2,^(BC),TGTGTGCCGTAGACT,Antibody Capture
CD8b_TotalSeqA,adt_CD8b,R2,^(BC),TTCCCTCTATGGAGC,Antibody Capture
H-2Kb_bound_to_SIINFEKL_TotalSeqA,adt_H-2Kb_bound_to_SIINFEKL,R2,^(BC),CGTTTATGGGATGGG,Antibody Capture
MAdCAM-1_TotalSeqA,adt_MAdCAM-1,R2,^(BC),TTGGGCGATTAAGAA,Antibody Capture
TCR_V_beta_8.1_8.2_TotalSeqA,adt_TCR_V_beta_8.1_8.2,R2,^(BC),ACTATCCGTTGTGCT,Antibody Capture
Rat_IgG1_kappa_isotype_Ctrl_TotalSeqA,adt_Rat_IgG1_kappa_isotype_Ctrl,R2,^(BC),ATCAGATGCCCTCAT,Antibody Capture
Rat_IgG1_lambda_Isotype_Ctrl_TotalSeqA,adt_Rat_IgG1_lambda_Isotype_Ctrl,R2,^(BC),GGGAGCGATTCAACT,Antibody Capture
Rat_IgG2a_kappa_Isotype_Ctrl_TotalSeqA,adt_Rat_IgG2a_kappa_Isotype_Ctrl,R2,^(BC),AAGTCAGGTTCGTTT,Antibody Capture
Rat_IgG2c_kappa_Isotype_Ctrl_TotalSeqA,adt_Rat_IgG2c_kappa_Isotype_Ctrl,R2,^(BC),TCCAGGCTAGTCATT,Antibody Capture
Hamster_IgG_Isotype_Ctrl_TotalSeqA,adt_Hamster_IgG_Isotype_Ctrl,R2,^(BC),CCTGTCATTAAGACT,Antibody Capture
KLRG1_TotalSeqA,adt_KLRG1,R2,^(BC),GTAGTAGGCTAGACC,Antibody Capture
TCR_V_beta_5.1_5.2_TotalSeqA,adt_TCR_V_beta_5.1_5.2,R2,^(BC),CTCAACAGTATTCTG,Antibody Capture
CD195_TotalSeqA,adt_CD195,R2,^(BC),ACCAGTTGTCATTAC,Antibody Capture
CD197_TotalSeqA,adt_CD197,R2,^(BC),TTATTAACAGCCCAC,Antibody Capture
anti-rat_CD90_mouse_CD90.1_TotalSeqA,adt_anti-rat_CD90-mouse_CD90.1,R2,^(BC),AGTATGGGATGCAAT,Antibody Capture
Panendothelial_Cell_Antigen_TotalSeqA,adt_Panendothelial_Cell_Antigen,R2,^(BC),CGTCCTAGTCATTGG,Antibody Capture
CD152_TotalSeqA,adt_CD152,R2,^(BC),AGTGTTTGTCCTGGT,Antibody Capture
P2RY12_TotalSeqA,adt_P2RY12,R2,^(BC),TTGCTTATTTCCGCA,Antibody Capture
CD300LG_TotalSeqA,adt_CD300LG,R2,^(BC),CGGTCCGTATCATTT,Antibody Capture
CD163_TotalSeqA,adt_CD163,R2,^(BC),GAGCAAGATTAAGAC,Antibody Capture
CD49b_TotalSeqA,adt_CD49b,R2,^(BC),CGCGTTAGTAGAGTC,Antibody Capture
CD172a_TotalSeqA,adt_CD172a,R2,^(BC),GATTCCCTTGTAGCA,Antibody Capture
CD14_TotalSeqA,adt_CD14,R2,^(BC),AACCAACAGTCACGT,Antibody Capture
CD192_TotalSeqA,adt_CD192,R2,^(BC),AGTGCGATCTGCAAC,Antibody Capture
CD48_TotalSeqA,adt_CD48,R2,^(BC),AGAACCGCCGTAGTT,Antibody Capture
CD170_TotalSeqA,adt_CD170,R2,^(BC),TCAATCTCCGTCGCT,Antibody Capture
CD207_TotalSeqA,adt_CD207,R2,^(BC),CGATTTGTATTCCCT,Antibody Capture
CD201_TotalSeqA,adt_CD201,R2,^(BC),TATGATCTGCCCTTG,Antibody Capture
CD169_Siglec1_TotalSeqA,adt_CD169-SIGLEC1,R2,^(BC),ATTGACGACAGTCAT,Antibody Capture
CD71_TotalSeqA,adt_CD71,R2,^(BC),ACCGACCAGTAGACA,Antibody Capture
Notch_1_TotalSeqA,adt_NOTCH1,R2,^(BC),TCCGGTCACTCAGTA,Antibody Capture
CD41_TotalSeqA,adt_CD41,R2,^(BC),ACTTGGATGGACACT,Antibody Capture
CXCR4_TotalSeqA,adt_CXCR4,R2,^(BC),GTCGTGGTGTTGTTC,Antibody Capture
CD204_TotalSeqA,adt_CD204,R2,^(BC),AGCTAGACACGTTGT,Antibody Capture
CD326_TotalSeqA,adt_CD326,R2,^(BC),ACCCGCGTTAGTATG,Antibody Capture
IgM_TotalSeqA,adt_IgM,R2,^(BC),AGCTACGCATTCAAT,Antibody Capture
CD304_TotalSeqA,adt_CD304,R2,^(BC),CCAGCTCATTCAACG,Antibody Capture
CD309_TotalSeqA,adt_CD309,R2,^(BC),AGTTGTCCTGTACGA,Antibody Capture
CD36_TotalSeqA,adt_CD36,R2,^(BC),TTTGCCGCTACGACA,Antibody Capture
CD370_TotalSeqA,adt_CD370,R2,^(BC),AACTCAGTTGTGCCG,Antibody Capture
CD38_TotalSeqA,adt_CD38,R2,^(BC),CGTATCCGTCTCCTA,Antibody Capture
CD55_TotalSeqA,adt_CD55,R2,^(BC),ATTGTTGTCAGACCA,Antibody Capture
CD63_TotalSeqA,adt_CD63,R2,^(BC),ATCCGACACGTATTA,Antibody Capture
CD68_TotalSeqA,adt_CD68,R2,^(BC),CTTTCTTTCACGGGA,Antibody Capture
CD79b_TotalSeqA,adt_CD79b,R2,^(BC),TAACTCAGTGCGAGT,Antibody Capture
CD83_TotalSeqA,adt_CD83,R2,^(BC),TCTCAGGCTTCCTAG,Antibody Capture
CX3CR1_TotalSeqA,adt_CX3CR1,R2,^(BC),CACTCTCAGTCCTAT,Antibody Capture
FR-beta_TotalSeqA,adt_FR-beta,R2,^(BC),CTCAGATGCCCTTTA,Antibody Capture
MERTK_TotalSeqA,adt_MERTK,R2,^(BC),AGTAGAGCAACTCGT,Antibody Capture
CD301b_TotalSeqA,adt_CD301b,R2,^(BC),CTTGCCTTGCGATTT,Antibody Capture
Tim-4_TotalSeqA,adt_TIM-4,R2,^(BC),TGCTGGAGGGTATTC,Antibody Capture
XCR1_TotalSeqA,adt_XCR1,R2,^(BC),TCCATTACCCACGTT,Antibody Capture
CD29_TotalSeqA,adt_CD29,R2,^(BC),ACGCATTCCTTGTGT,Antibody Capture
IgD_TotalSeqA,adt_IgD,R2,^(BC),TCATATCCGTTGTCC,Antibody Capture
CD140a_TotalSeqA,adt_CD140a,R2,^(BC),GTCATTGCGGTCCTA,Antibody Capture
CD11a_TotalSeqA,adt_CD11a,R2,^(BC),AGAGTCTCCCTTTAG,Antibody Capture
ESAM_TotalSeqA,adt_ESAM,R2,^(BC),TATAGTTTCCGCCGT,Antibody Capture
CD200R_TotalSeqA,adt_CD200R,R2,^(BC),ATTCTTTCCCTCTGT,Antibody Capture
CCR3_TotalSeqA,adt_CCR3,R2,^(BC),TAGAACCGTATCCGT,Antibody Capture
CD200R3_TotalSeqA,adt_CD200R3,R2,^(BC),ATCAACTTGGAGCAG,Antibody Capture
CD138_TotalSeqA,adt_CD138,R2,^(BC),GCGTTTGTATGTACT,Antibody Capture
CD317_TotalSeqA,adt_CD317,R2,^(BC),TGTGGTAGCCCTTGT,Antibody Capture
CD105_TotalSeqA,adt_CD105,R2,^(BC),TATCCCTGCCTTGCA,Antibody Capture
CD9_TotalSeqA,adt_CD9,R2,^(BC),TAGCAGTCACTCCTA,Antibody Capture
P2X7R_TotalSeqA,adt_P2X7R,R2,^(BC),TGCTTCATTCATGTG,Antibody Capture
CD371_TotalSeqA,adt_CD371,R2,^(BC),GCGAGAAATCTGCAT,Antibody Capture
CD22_TotalSeqA,adt_CD22,R2,^(BC),AGGTCCTCTCTGGAT,Antibody Capture
CD194_TotalSeqA,adt_CD194,R2,^(BC),TTCATGTGTTTGTGC,Antibody Capture
CD39_TotalSeqA,adt_CD39,R2,^(BC),GCGTATTTAACCCGT,Antibody Capture
CD314_TotalSeqA,adt_CD314,R2,^(BC),GAGGCTTATCATTTC,Antibody Capture
DR3_TotalSeqA,adt_DR3,R2,^(BC),GCTTGGGCAATTAAG,Antibody Capture
IL-33Ralpha_TotalSeqA,adt_IL-33Ralpha,R2,^(BC),GCGATGGAGCATGTT,Antibody Capture
Ly49H_TotalSeqA,adt_Ly49H,R2,^(BC),CCAGTAGGCTTATTA,Antibody Capture
Ly49G_TotalSeqA,adt_Ly49G,R2,^(BC),CGTATCTGTCATTAG,Antibody Capture
Ly49D_TotalSeqA,adt_Ly49D,R2,^(BC),TATATCCCTCAACGC,Antibody Capture
Ly49A_TotalSeqA,adt_Ly49A,R2,^(BC),AATTCCGTCAGATGA,Antibody Capture
CD185_TotalSeqA,adt_CD185,R2,^(BC),ACGTAGTCACCTAGT,Antibody Capture
CD278_TotalSeqA,adt_CD278,R2,^(BC),ACTGCCATATCCCTA,Antibody Capture
TIGIT_TotalSeqA,adt_TIGIT,R2,^(BC),GAAAGTCGCCAACAG,Antibody Capture
CD80_TotalSeqA,adt_CD80,R2,^(BC),GACCCGGTGTCATTT,Antibody Capture
CD49a_TotalSeqA,adt_CD49a,R2,^(BC),CCATTCATTTGTGGC,Antibody Capture
CD1d_TotalSeqA,adt_CD1d,R2,^(BC),CAACTTGGCCGAATC,Antibody Capture
CD226_TotalSeqA,adt_CD226,R2,^(BC),ACGCAGTATTTCCGA,Antibody Capture
CD199_TotalSeqA,adt_CD199,R2,^(BC),CCCTCTGGTATGGTT,Antibody Capture
CD34_TotalSeqA,adt_CD34,R2,^(BC),GATTCCTTTACGAGC,Antibody Capture
TLR4_TotalSeqA,adt_TLR4,R2,^(BC),GCAGTTGTCCGATTC,Antibody Capture
CD300c_CD300d_MAIR-II_TotalSeqA,adt_CD300c-CD300d-MAIR-II,R2,^(BC),GTGATCTAAGATGCG,Antibody Capture
JAML_TotalSeqA,adt_JAML,R2,^(BC),GTTATGGTTCGTGTT,Antibody Capture
IL-21R_TotalSeqA,adt_IL21R,R2,^(BC),GATTCCGACAGTAGA,Antibody Capture
GITR-L_TotalSeqA,adt_GITR-L,R2,^(BC),GTATTCCGCACCTAT,Antibody Capture
CD272_TotalSeqA,adt_CD272,R2,^(BC),TGACCCTATTGAGAA,Antibody Capture
PIR-A_B_TotalSeqA,adt_PIR-A-B,R2,^(BC),TGTAGAGTCAGACCT,Antibody Capture
CD26_TotalSeqA,adt_CD26,R2,^(BC),ATGGCCTGTCATAAT,Antibody Capture
DLL1_TotalSeqA,adt_DLL1,R2,^(BC),AGACCTCCTTACGAT,Antibody Capture
CD270_TotalSeqA,adt_CD270,R2,^(BC),GATCCGTGTTGCCTA,Antibody Capture
CD339_TotalSeqA,adt_CD339,R2,^(BC),TAGTATGCTGGAGCG,Antibody Capture
Notch_4_TotalSeqA,adt_NOTCH4,R2,^(BC),GTACTTAACGTCATC,Antibody Capture
CAT-1_TotalSeqA,adt_CAT-1,R2,^(BC),AAGCTGCATTTCCTT,Antibody Capture
CD137L_TotalSeqA,adt_CD137L,R2,^(BC),CAGTTCAGTACGCAG,Antibody Capture
ENPP1_TotalSeqA,adt_ENPP1,R2,^(BC),CATTAACCGCCCTTA,Antibody Capture
CD2_TotalSeqA,adt_CD2,R2,^(BC),TTGCCGTGTGTTTAA,Antibody Capture
CD120b_TotalSeqA,adt_CD120b,R2,^(BC),GAAGCTGTATCCGAA,Antibody Capture
Mac-2_TotalSeqA,adt_MAC-2,R2,^(BC),GATGCAATTAGCCGG,Antibody Capture
CD40_TotalSeqA,adt_CD40,R2,^(BC),ATTTGTATGCTGGAG,Antibody Capture
CD31_TotalSeqA,adt_CD31,R2,^(BC),GCTGTAGTATCATGT,Antibody Capture
CD107a_TotalSeqA,adt_CD107a,R2,^(BC),AAATCTGTGCCGTAC,Antibody Capture
CD198_TotalSeqA,adt_CD198,R2,^(BC),ATCTCCGTTGTGCGA,Antibody Capture
CD182_TotalSeqA,adt_CD182,R2,^(BC),TTTCCTTGTAGAGCG,Antibody Capture
CD61_TotalSeqA,adt_CD61,R2,^(BC),TTCTTTACCCGCCTG,Antibody Capture
CD273_TotalSeqA,adt_CD273,R2,^(BC),CACTCCTTGTAGTCA,Antibody Capture
CD124_TotalSeqA,adt_CD124,R2,^(BC),GAACCGTAGTATAAC,Antibody Capture
CD95_TotalSeqA,adt_CD95,R2,^(BC),CACATCGTTTGTGTA,Antibody Capture
CD252_TotalSeqA,adt_CD252,R2,^(BC),TCTCAGAACAGCCCT,Antibody Capture
CD253_TotalSeqA,adt_CD253,R2,^(BC),CCCTTTCCGATTCAA,Antibody Capture
CD186_TotalSeqA,adt_CD186,R2,^(BC),TGTCAGGTTGTATTC,Antibody Capture
CD159a_TotalSeqA,adt_CD159a,R2,^(BC),GTGTTTGTGTTCCTG,Antibody Capture
Ly108_TotalSeqA,adt_Ly108,R2,^(BC),CGATTCTTTGCGAGT,Antibody Capture
CD202b_TotalSeqA,adt_CD202b,R2,^(BC),TGTTTGTAAGTTCCC,Antibody Capture
CD160_TotalSeqA,adt_CD160,R2,^(BC),GCGTATGTCAGTACC,Antibody Capture
CD85k_TotalSeqA,adt_CD85k,R2,^(BC),ATGTCAACTCTGGGA,Antibody Capture
CD51_TotalSeqA,adt_CD51,R2,^(BC),GGAGTCAGGGTATTA,Antibody Capture
CD94_TotalSeqA,adt_CD94,R2,^(BC),CACAGTTGTCCGTGT,Antibody Capture
CD205_TotalSeqA,adt_CD205,R2,^(BC),CATATTGGCCGTAGT,Antibody Capture
CD155_TotalSeqA,adt_CD155,R2,^(BC),TAGCTTGGGATTAAG,Antibody Capture
CD178_TotalSeqA,adt_CD178,R2,^(BC),GTCACGTAGTATCTT,Antibody Capture
CD365_TotalSeqA,adt_CD365,R2,^(BC),ATGGGATTAACCGTC,Antibody Capture
CD157_TotalSeqA,adt_CD157,R2,^(BC),AGAGCAATTTCAGGG,Antibody Capture
CD215_TotalSeqA,adt_CD215,R2,^(BC),TGTACGCATGTATGG,Antibody Capture
